SCHEDULE_ID;COURSE_ID;LECTURER_ID;SCHEDULE_START_DT;SCHEDULE_END_DT;SCHEDULE_COURSE_DAYS
1;1;11;2019-09-09;2019-12-08;2,4,6
2;3;4;2019-09-09;2019-12-08;3,4
3;4;13;2019-09-09;2019-12-08;2,5
4;5;28;2019-09-09;2019-12-08;3
5;2;56;2020-01-27;2020-04-26;2,4
6;7;1;2020-01-27;2020-04-26;4,5
7;1;11;2020-01-27;2020-04-26;2,4,6
8;7;22;2020-01-27;2020-04-26;2,3
9;8;56;2020-01-27;2020-04-26;5
10;3;37;2020-01-27;2020-04-26;5,6
